id,Warehouse_Name,Country,Province,Address
1,Schinner LLC,Japan,Kyoto,Kinsman
2,"Wisozk, Bogan and Conn",Indonesia,Java,Raven
3,Wilderman Group,Pakistan,Kabul,Sauthoff
4,"Durgan, O'Conner and Corkery",Taiwan,Taipei,Swallow
5,Rau-Stark,Indonesia,Bali,Starling
6,"Lynch, Jacobs and Lesch",Sweden,VÃ¤sternorrland,Hoard
7,Howe-Boehm,Lithuania,Vilnus,Maple Wood
8,McLaughlin-Miller,Croatia,Split,Manitowish
9,Mayer Group,Indonesia,Central Java,Fair Oaks
10,"Muller, Willms and McClure",Greece,Athens,Longview
11,Hammes and Sons,Brazil,Rio de Janerio,Haas
12,Heidenreich LLC,Uruguay,Salto,Merchant
13,Shanahan-Schamberger,Czech Republic,Prague,Thompson
14,Steuber-Haag,United States,New Mexico,Anhalt
15,Schulist-Bogan,China,Shenzen,Mesta
16,"Jacobson, Greenfelder and Mante",Thailand,Bangkok,Sunnyside
17,"Brekke, Wolf and Nader",Poland,Warsaw,Merry
18,Olson-Simonis,Democratic Republic of the Congo,Kinsaha,Pine View
19,"Schiller, Beier and Johns",Russia,Moscow,Dwight
20,Larkin LLC,Argentina,Mendoza,Dovetail
21,Wolf-Hahn,Mexico,Durango,Corscot
22,Leuschke and Sons,Venezuela,Caracas,Debra
23,Kreiger and Sons,France,Centre,Warner
24,"Friesen, Jaskolski and Abernathy",China,Wuhan,Butterfield
25,"Gibson, Orn and Dach",Peru,Lima,Lyons
